user_first_name,user_last_name,user_email_id,user_role,created_dt
Gordan,Bradock,gbradock0@barnesandnoble.com,A,2020-01-10
Tobe,Lyness,tlyness1@paginegialle.it,U,2020-02-10
Addie,Mesias,amesias2@twitpic.com,U,2020-03-05
Corene,Kohrsen,ckohrsen3@buzzfeed.com,U,2020-04-15
Darill,Halsall,dhalsall4@intel.com,U,2020-10-10
